model,accuracy,f1_macro,f1_weighted
logreg,0.847802495930548,0.5107379539472744,0.8381456198005328
rf,0.8776308650084245,0.4775209067419784,0.8378880745190874
