model,accuracy,f1_macro,f1_weighted
logreg,0.7458305965673816,0.5097488398225611,0.7253375492771049
rf,0.7800639689293771,0.4999858176605109,0.7324599853718201
